<?xml version="1.0" encoding="UTF-8"?>
<PluginList>
    <Plugin id="PatchMemKnob" name="PatchMemKnob" category="mx/Sub-Controls">
        <Parameters>
            <Parameter id="0" datatype="float" name=""/>
			<Parameter id="1" datatype="string" name=""/>
        </Parameters>
        <GUI>
            <Pin name="Scale In" datatype="float" parameterId="0"/>
            <Pin name="AnimationIn" datatype="float" parameterId="0" parameterField="Normalized"/>
            <Pin name="Scaled" datatype="float" direction="out"/>
            <Pin name="Animation Position" datatype="float" direction="in"/>
			<Pin name="HexIn" datatype="string" direction="in"/>
			<Pin name="Hex" datatype="string" parameterId="1"/>
        </GUI>
    </Plugin>
</PluginList>
