<?xml version="1.0" encoding="UTF-8"?>
<PluginList>
    <Plugin id="setPin" name="setPin" category="mx/MIDI">
        <Parameters>
            <Parameter id="0" datatype="blob" name="" ignorePatchChange="true" persistant="false"/>
        </Parameters>
        <Audio>
            <Pin name="MIDI In" datatype="midi"/>
            <Pin name="PinGui" datatype="blob" direction="out" private="true" parameterId="0"/>
        </Audio>
        <GUI graphicsApi="GmpiGui">
            <Pin name="PinGui" datatype="blob" private="true" parameterId="0"/>
            <Pin name="Pin Debug" datatype="string" direction="out"/>
        </GUI>
    </Plugin>
</PluginList>
