<?xml version="1.0" encoding="UTF-8"?>
<PluginList>
    <Plugin id="TextAppend" name="Text Append" category="mx/Sub-Controls">
        <GUI>
			<Pin name="Text" datatype="string" autoduplicate="true"/>
			<Pin name="Text" datatype="string" autoduplicate="true"/>
			<Pin name="Text" datatype="string" autoduplicate="true"/>
			<Pin name="Text" datatype="string" autoduplicate="true"/>
			<Pin name="Appended" datatype="string" direction="out"/>            
        </GUI>
    </Plugin>
</PluginList>
