<?xml version="1.0" encoding="UTF-8"?>
<PluginList>
    <Plugin id="ShowVolts" name="Show Volts" category="mx/Show">
        <Parameters>
            <Parameter id="0" datatype="float" name="patchValue" ignorePatchChange="true" persistant="false"/>
        </Parameters>
        <Audio>
            <Pin name="Volts In" datatype="float" rate="audio" linearInput="true"/>
            <Pin name="patchValue" datatype="float" direction="out" private="true" parameterId="0"/>
        </Audio>
        <GUI graphicsApi="GmpiGui">
            <Pin name="patchValue" datatype="float" private="true" parameterId="0"/>
			<Pin name="BgColor" datatype="string" default="FF000000" isMinimised="true"/>
			<Pin name="TopColor" datatype="string" default="FF660000" isMinimised="true"/>
            <Pin name="Text" datatype="string" direction="out" isMinimised="false"/>
			<Pin name="Text Color" datatype="string" default="FF00FFFF" isMinimised="true"/>
			<Pin name="Text Font" datatype="string" default="Times New Roman" isMinimised="true"/>
        </GUI>
    </Plugin>
</PluginList>
