<?xml version="1.0" encoding="UTF-8"?>
<PluginList>
    <Plugin id="SOLOMUTE8" name="GUI_SoloMute8" category="mx/Tools">

        <GUI>
            <Pin name="Channel 1" datatype="float" direction="in"/>
            <Pin name="Channel 2" datatype="float" direction="in"/>
            <Pin name="Channel 3" datatype="float" direction="in"/>
            <Pin name="Channel 4" datatype="float" direction="in"/>
			<Pin name="Channel 5" datatype="float" direction="in"/>
			<Pin name="Channel 6" datatype="float" direction="in"/>
			<Pin name="Channel 7" datatype="float" direction="in"/>
			<Pin name="Channel 8" datatype="float" direction="in"/>
			
            <Pin name="Unmute All" datatype="float" direction="out"/>
            <Pin name="Unmute mDown" datatype="bool" direction="out"/>
            <Pin name="Reset All Solos" datatype="float" direction="out"/>
            <Pin name="Reset All Solos mDown" datatype="bool" direction="out"/>
			
            <Pin name="Mute 1" datatype="float" direction="out"/>
            <Pin name="mDownM1" datatype="bool" direction="out"/>
            <Pin name="Solo 1" datatype="float" direction="out"/>
            <Pin name="mDownS1" datatype="bool" direction="out"/>
            <Pin name="Mute 2" datatype="float" direction="out"/>
            <Pin name="mDownM2" datatype="bool" direction="out"/>
            <Pin name="Solo 2" datatype="float" direction="out"/>
            <Pin name="mDownS2" datatype="bool" direction="out"/>
            <Pin name="Mute 3" datatype="float" direction="out"/>
            <Pin name="mDownM3" datatype="bool" direction="out"/>
            <Pin name="Solo 3" datatype="float" direction="out"/>
            <Pin name="mDownS3" datatype="bool" direction="out"/>
            <Pin name="Mute 4" datatype="float" direction="out"/>
            <Pin name="mDownM4" datatype="bool" direction="out"/>
            <Pin name="Solo 4" datatype="float" direction="out"/>
            <Pin name="mDownS4" datatype="bool" direction="out"/>
			<Pin name="Mute 5" datatype="float" direction="out"/>
			<Pin name="mDownM5" datatype="bool" direction="out"/>
			<Pin name="Solo 5" datatype="float" direction="out"/>
			<Pin name="mDownS5" datatype="bool" direction="out"/>
			<Pin name="Mute 6" datatype="float" direction="out"/>
			<Pin name="mDownM6" datatype="bool" direction="out"/>
			<Pin name="Solo 6" datatype="float" direction="out"/>
			<Pin name="mDownS6" datatype="bool" direction="out"/>
			<Pin name="Mute 7" datatype="float" direction="out"/>
			<Pin name="mDownM7" datatype="bool" direction="out"/>
			<Pin name="Solo 7" datatype="float" direction="out"/>
			<Pin name="mDownS7" datatype="bool" direction="out"/>
			<Pin name="Mute 8" datatype="float" direction="out"/>
			<Pin name="mDownM8" datatype="bool" direction="out"/>
			<Pin name="Solo 8" datatype="float" direction="out"/>
			<Pin name="mDownS8" datatype="bool" direction="out"/>
           
        </GUI>
    </Plugin>
</PluginList>
